Release,DescricaoRelease,Categoria,CodeSmell,Justificativa,,,,,,,,,,,,,,,,,,,,,,,,,,,,,,,,
v1.7.3,v1.7.3,Bloaters,Long Method,,,,,,,,,,,,,,,,,,,,,,,,,,,,,,,,,
v1.7.0,v1.7.0,Bloaters,Long Method,Bloaters,,,,,,,,,,,,,,,,,,,,,,,,,,,,,,,,
v1.7.0-beta.6,v1.7.0-beta.6,Bloaters,Long Method,,,,,,,,,,,,,,,,,,,,,,,,,,,,,,,,,
v1.6.7,v1.6.7,Bloaters,Long Method,"private String primitiveObsession this.primitiveObsession = primitiveObsession System.out.println(""This is the method"") this.primitiveObsession = primitiveObsession",,,,,,,,,,,,,,,,,,,,,,,,,,,,,,,,
v1.7.0-beta.2,v1.7.0-beta.2,Bloaters,Long Method,,,,,,,,,,,,,,,,,,,,,,,,,,,,,,,,,
v1.6.4,Long Method,Bloaters,Long Method,"Opcionalmente, há batalhas entre classes e interfaces que podem ser reduzidas ao longo do tempo",,,,,,,,,,,,,,,,,,,,,,,,,,,,,,,,
v1.6.4,Large Class,Object Orientation Abusers,Large Class,A combinação de métodos grandes e interfaces pequenas pode ser desencadeada quando não se usa bem a estrutura de classes,,,,,,,,,,,,,,,,,,,,,,,,,,,,,,,,
v1.6.4,Primitive Obsession,Change Preventers,Refuse to abandon primitive data types and avoid unnecessary changes,,,,,,,,,,,,,,,,,,,,,,,,,,,,,,,,,
v1.6.4,Data Clumps,Change Preventers,Desconectar dados complexos para evitar problemas futuros,,,,,,,,,,,,,,,,,,,,,,,,,,,,,,,,,
v1.6.2,v1.6.2,Bloaters,Long Method,"Opcionalmente, pode haver long method que não precisa ser mantida ou refactorizado, mas isso depende da situação específica do projeto.",,,,,,,,,,,,,,,,,,,,,,,,,,,,,,,,
v1.6.2,v1.6.2,Object Orientation Abusers,Alternative Classes with Different Interfaces,Aqui há exemplos de classes alternativas com diferentes interfaces que podem ser refatoradas para melhorar a organização e a eficiência.,,,,,,,,,,,,,,,,,,,,,,,,,,,,,,,,
v1.6.2,v1.6.2,Change Preventers,Divergent Change,Um exemplo de divergência entre classes pode ser a implementação de métodos diferentes na mesma classe.,,,,,,,,,,,,,,,,,,,,,,,,,,,,,,,,
v1.6.2,v1.6.2,Couplers,Feature Envy,Um exemplo de conflito entre classes poderia ser a implementação de métodos semelhantes em duas classes distintas.,,,,,,,,,,,,,,,,,,,,,,,,,,,,,,,,
v1.6.2,v1.6.2,Regras obrigatórias,Identificação de código smell,"Aqui estão algumas características de código smell que devem ser identificados: ""Long Method"", ""Large Class"", ""Primitive Obsession"", ""Data Clumps"", ""Data Clumps"", ""Data Clumps"".",,,,,,,,,,,,,,,,,,,,,,,,,,,,,,,,
v1.6.0-rc.4,v1.6.0-rc.4,Bloaters,Long Method,"Opcionalmente, há batalhas entre classes e interfaces que podem ser refatoradas para melhorar a organização e a legibilidade do código.",,,,,,,,,,,,,,,,,,,,,,,,,,,,,,,,
v1.6.0-rc.4,v1.6.0-rc.4,Object Orientation Abusers,Alternative Classes with Different Interfaces,A combinação de classes diferentes pode tornar o código mais complexo e difícil de entender.,,,,,,,,,,,,,,,,,,,,,,,,,,,,,,,,
v1.6.0-rc.4,v1.6.0-rc.4,Change Preventers,Divergent Change,Um código que não se encaixa na estrutura atual pode resultar em problemas futuros.,,,,,,,,,,,,,,,,,,,,,,,,,,,,,,,,
v1.6.0-rc.4,v1.6.0-rc.4,Couplers,Feature Envy,Um código que faz referências a partes do sistema externa pode causar conflitos de controle e dificuldades de manutenção.,,,,,,,,,,,,,,,,,,,,,,,,,,,,,,,,
v1.6.0-rc.4,v1.6.0-rc.4,Regras obrigatórias,Identificação de código smells é fundamental para garantir que o código seja mantido de forma eficiente e segura.,,,,,,,,,,,,,,,,,,,,,,,,,,,,,,,,,
v1.5.11,Long Method,Bloaters,Long Method,"Opcionalmente, pode haver outros problemas semelhantes, mas não há evidências suficientes para identificar todos os bloaters neste código.",,,,,,,,,,,,,,,,,,,,,,,,,,,,,,,,
v1.6.0-beta.6,v1.6.0-beta.6,Bloaters,Long Method,,,,,,,,,,,,,,,,,,,,,,,,,,,,,,,,,
v1.5.9,v1.5.9,Bloaters,Long Method,"Opcionalmente long method in class ""MyClass"" is causing the code smell of Bloaters.",,,,,,,,,,,,,,,,,,,,,,,,,,,,,,,,
v1.5.9,v1.5.9,Object Orientation Abusers,Alternative Classes with Different Interfaces,The code uses an alternative class with different interfaces that could be considered object orientation abusers.,,,,,,,,,,,,,,,,,,,,,,,,,,,,,,,,
v1.5.9,v1.5.9,Change Preventers,Divergent Change,"There are divergent changes in the code, which could lead to issues if not managed properly.",,,,,,,,,,,,,,,,,,,,,,,,,,,,,,,,
v1.5.9,v1.5.9,Couplers,Feature Envy,"The code contains features that are not being used effectively, leading to coupling issues.",,,,,,,,,,,,,,,,,,,,,,,,,,,,,,,,
v1.6.0-beta.2,v1.6.0-beta.2,Bloaters,Long Method,,,,,,,,,,,,,,,,,,,,,,,,,,,,,,,,,
v1.5.7-rc.2,v1.5.7-rc.2,Bloaters,Long Method,"Opcionalmente, há batalhas entre classes e métodos que podem ser reduzidas ao longo do tempo.",,,,,,,,,,,,,,,,,,,,,,,,,,,,,,,,
v1.5.7-rc.2,v1.5.7-rc.2,Object Orientation Abusers,Alternative Classes with Different Interfaces,A combinação de classes diferentes pode tornar a programação mais complexa e difícil de manter.,,,,,,,,,,,,,,,,,,,,,,,,,,,,,,,,
v1.5.7-rc.2,v1.5.7-rc.2,Change Preventers,Divergent Change,Um conflito de mudança pode causar problemas de integração e desigualdade.,,,,,,,,,,,,,,,,,,,,,,,,,,,,,,,,
v1.5.7-rc.2,v1.5.7-rc.2,Couplers,Feature Envy,Um conflito entre características pode criar desafios para o desenvolvimento.,,,,,,,,,,,,,,,,,,,,,,,,,,,,,,,,
v1.5.7-rc.2,v1.5.7-rc.2,Regras obrigatórias,Identificação de código smells é importante para garantir que o código seja mantido eficazmente.,,,,,,,,,,,,,,,,,,,,,,,,,,,,,,,,,
v1.5.6-rc.1,v1.5.6-rc.1,Bloaters,Long Method,"Opcionalmente, há batalhas entre classes e métodos que podem ser reduzidas ou reorganizadas para melhorar a eficiência e legibilidade do código.",,,,,,,,,,,,,,,,,,,,,,,,,,,,,,,,
v1.5.6-rc.1,v1.5.6-rc.1,Object Orientation Abusers,Alternative Classes with Different Interfaces,A combinação de classes diferentes pode tornar o código mais complexo e difícil de entender.,,,,,,,,,,,,,,,,,,,,,,,,,,,,,,,,
v1.5.6-rc.1,v1.5.6-rc.1,Change Preventers,Divergent Change,Um código que não se encaixa na estrutura atual pode causar problemas futuros.,,,,,,,,,,,,,,,,,,,,,,,,,,,,,,,,
v1.5.6-rc.1,v1.5.6-rc.1,Dispensables,Comments,A falta de justificativa ou explicação de código pode criar confusão ao usuário.,,,,,,,,,,,,,,,,,,,,,,,,,,,,,,,,
v1.5.6-rc.1,v1.5.6-rc.1,Couplers,Feature Envy,"Muitos recursos são compartilhados entre várias classes, o que pode resultar em conflitos de uso.",,,,,,,,,,,,,,,,,,,,,,,,,,,,,,,,
v1.5.6-rc.1,v1.5.6-rc.1,Regras obrigatórias,Identificação de código smells,"Para identificar esses smells, é necessário analisar o código em detalhes para verificarmos se existem batalhas entre classes ou métodos que podem ser reduzidas ou reorganizadas.",,,,,,,,,,,,,,,,,,,,,,,,,,,,,,,,
v1.5.4,v1.5.4,,,,,,,,,,,,,,,,,,,,,,,,,,,,,,,,,,,
,Bloaters,Long Method,Opcionalmente long method,Opcionalmente long method,Long Method,,,,,,,,,,,,,,,,,,,,,,,,,,,,,,,
v1.5.4,,,,,,,,,,,,,,,,,,,,,,,,,,,,,,,,,,,,
v1.5.4,Object Orientation Abusers,Alternative Classes with Different Interfaces,Incompatibility between classes with different interfaces,Incompatibility between classes with different interfaces,Incompatibility between classes with different interfaces,,,,,,,,,,,,,,,,,,,,,,,,,,,,,,,
v1.5.4,,,,,,,,,,,,,,,,,,,,,,,,,,,,,,,,,,,,
v1.5.4,Change Preventers,Divergent Change,Parallel inheritance hierarchies,Incompatible parallel inheritance hierarchies,Incompatible parallel inheritance hierarchies,Parallel inheritance hierarchies,,,,,,,,,,,,,,,,,,,,,,,,,,,,,,
v1.5.4,,,,,,,,,,,,,,,,,,,,,,,,,,,,,,,,,,,,
v1.5.4,Dispensables,Comments,Comments,Comments,,,,,,,,,,,,,,,,,,,,,,,,,,,,,,,,
v1.5.4-rc.1,v1.5.4-rc.1,Bloaters,Long Method,"Opcionalmente, há batalhas entre classes e métodos que podem ser reduzidas ao longo do tempo.",,,,,,,,,,,,,,,,,,,,,,,,,,,,,,,,
v1.5.4-rc.1,v1.5.4-rc.1,Object Orientation Abusers,Alternative Classes with Different Interfaces,A combinação de classes diferentes pode tornar a programação mais complexa e difícil de manter.,,,,,,,,,,,,,,,,,,,,,,,,,,,,,,,,
v1.5.4-rc.1,v1.5.4-rc.1,Change Preventers,Divergent Change,Um conflito entre versões pode causar problemas significativos na integridade do código.,,,,,,,,,,,,,,,,,,,,,,,,,,,,,,,,
v1.5.4-rc.1,v1.5.4-rc.1,Dispensables,Comments,Uma quantidade excessiva de comentários pode prejudicar a legibilidade e a compreensão do código.,,,,,,,,,,,,,,,,,,,,,,,,,,,,,,,,
v1.5.4-rc.1,v1.5.4-rc.1,Couplers,Feature Envy,Um conflito entre versões pode resultar em bugs inesperados e dificultar a implementação dos novos recursos.,,,,,,,,,,,,,,,,,,,,,,,,,,,,,,,,
v1.5.0,v1.5.0,Bloaters,Long Method,Opcionalmente long method in class A,,,,,,,,,,,,,,,,,,,,,,,,,,,,,,,,
v1.5.0,v1.5.0,Object Orientation Abusers,Alternative Classes with Different Interfaces,,,,,,,,,,,,,,,,,,,,,,,,,,,,,,,,,
v1.5.0,v1.5.0,Change Preventers,Switch Statements,,,,,,,,,,,,,,,,,,,,,,,,,,,,,,,,,
v1.5.0,v1.5.0,Dispensables,Comments,,,,,,,,,,,,,,,,,,,,,,,,,,,,,,,,,
v1.5.0,v1.5.0,Couplers,Feature Envy,,,,,,,,,,,,,,,,,,,,,,,,,,,,,,,,,
v1.4.10,Long Method,Bloaters,Long Method,"Opcionalmente, há batalhas entre classes e métodos que podem ser reduzidas ou refatoradas para melhorar a organização e eficiência do código.",,,,,,,,,,,,,,,,,,,,,,,,,,,,,,,,
v1.4.10,Large Class,Object Orientation Abusers,Large Class,Ajustes para evitar a complexidade e redundância na estrutura do código.,,,,,,,,,,,,,,,,,,,,,,,,,,,,,,,,
v1.4.10,Primitive Obsession,Change Preventers,Primitive Obsession,Ajustes para garantir que o código seja mais robusto e fácil de manter.,,,,,,,,,,,,,,,,,,,,,,,,,,,,,,,,
v1.4.10,Data Clumps,Change Preventers,Data Clumps,Ajustes para minimizar a duplicação de dados.,,,,,,,,,,,,,,,,,,,,,,,,,,,,,,,,
v1.4.10,Data Clumps,Change Preventers,Data Clumps,Ajustes para garantir que o código seja mais eficiente e menos confuso.,,,,,,,,,,,,,,,,,,,,,,,,,,,,,,,,
v1.4.10,Data Clumps,Change Preventers,,,,,,,,,,,,,,,,,,,,,,,,,,,,,,,,,,
v1.5.0-rc.5,v1.5.0-rc.5,Bloaters,Long Method,"Opcionalmente, há batalhas entre classes e interfaces que podem ser refatoradas para melhorar a organização e a legibilidade do código.",,,,,,,,,,,,,,,,,,,,,,,,,,,,,,,,
v1.5.0-rc.5,v1.5.0-rc.5,Object Orientation Abusers,Alternative Classes with Different Interfaces,"Aqui, existem alternativas de classes com diferentes interfaces que podem ser substituídas para melhorar a estrutura do código.",,,,,,,,,,,,,,,,,,,,,,,,,,,,,,,,
v1.5.0-rc.5,v1.5.0-rc.5,Change Preventers,Divergent Change,Um conflito de mudança pode ser resolvido através de alterações mais específicas e menos involuntárias.,,,,,,,,,,,,,,,,,,,,,,,,,,,,,,,,
v1.5.0-rc.5,v1.5.0-rc.5,Dispensables,Comments,Ajustes de comentário são essenciais para garantir que o código seja fácil de ler e entender.,,,,,,,,,,,,,,,,,,,,,,,,,,,,,,,,
v1.5.0-rc.5,v1.5.0-rc.5,Couplers,Feature Envy,Um conflito de características pode ser resolvido através de melhorias na estrutura do código.,,,,,,,,,,,,,,,,,,,,,,,,,,,,,,,,
v1.5.0-rc.5,v1.5.0-rc.5,Regras obrigatórias,Identificação de code smells,"Para identificar todos os smells, é necessário analisar o código completo.",,,,,,,,,,,,,,,,,,,,,,,,,,,,,,,,
v1.5.0-rc.2,v1.5.0-rc.2,Bloaters,Long Method,"Opcionalmente, há batalhas entre classes e métodos que podem ser reduzidas ao longo do tempo",,,,,,,,,,,,,,,,,,,,,,,,,,,,,,,,
v1.5.0-rc.2,v1.5.0-rc.2,Object Orientation Abusers,Alternative Classes with Different Interfaces,Refusal of bequests pode ocorrer quando classes são muito similares,,,,,,,,,,,,,,,,,,,,,,,,,,,,,,,,
v1.5.0-rc.2,v1.5.0-rc.2,Change Preventers,"Divergent change, parallel inheritance hierarchies, shotgun surgery",,,,,,,,,,,,,,,,,,,,,,,,,,,,,,,,,
v1.5.0-rc.2,v1.5.0-rc.2,Dispensables,"Comments, duplicate code, data class, dead code, lazy class, speculative generality",,,,,,,,,,,,,,,,,,,,,,,,,,,,,,,,,
v1.5.0-rc.2,v1.5.0-rc.2,Couplers,"Feature envy, inappropriate intimacy, incomplete library class, message chains, middle man",,,,,,,,,,,,,,,,,,,,,,,,,,,,,,,,,
v1.4.5,v1.4.5,Bloaters,Long Method,Opcionalmente longa classe,,,,,,,,,,,,,,,,,,,,,,,,,,,,,,,,
v1.4.5,v1.4.5,Object Orientation Abusers,Alternative Classes with Different Interfaces,,,,,,,,,,,,,,,,,,,,,,,,,,,,,,,,,
v1.4.5,v1.4.5,Change Preventers,Divergent Change,,,,,,,,,,,,,,,,,,,,,,,,,,,,,,,,,
v1.4.5,v1.4.5,Dispensables,Comments,,,,,,,,,,,,,,,,,,,,,,,,,,,,,,,,,
v1.4.5,v1.4.5,Couplers,Feature Envy,,,,,,,,,,,,,,,,,,,,,,,,,,,,,,,,,
v1.4.3,v1.4.3,Bloaters,Long Method,,,,,,,,,,,,,,,,,,,,,,,,,,,,,,,,,
v1.4.1,v1.4.1,Bloaters,Long Method,Opcionalmente long method que pode ser reduzido ao longo do tempo,,,,,,,,,,,,,,,,,,,,,,,,,,,,,,,,
v1.4.1,v1.4.1,Object Orientation Abusers,Alternative Classes with Different Interfaces,,,,,,,,,,,,,,,,,,,,,,,,,,,,,,,,,
v1.4.1,v1.4.1,Change Preventers,Divergent Change,,,,,,,,,,,,,,,,,,,,,,,,,,,,,,,,,
v1.4.1,v1.4.1,Displandables,Comments,,,,,,,,,,,,,,,,,,,,,,,,,,,,,,,,,
v1.4.1,v1.4.1,Couplers,Feature Envy,,,,,,,,,,,,,,,,,,,,,,,,,,,,,,,,,
v1.4.0-rc.2,v1.4.0-rc.2,Bloaters,Long Method,"Opcionalmente, há batalhas entre classes e métodos que podem ser reduzidas ou reorganizadas para melhorar a eficiência e legibilidade do código.",,,,,,,,,,,,,,,,,,,,,,,,,,,,,,,,
v1.4.0-rc.2,v1.4.0-rc.2,Object Orientation Abusers,Alternative Classes with Different Interfaces,A combinação de classes diferentes pode tornar o código mais complexo e difícil de entender.,,,,,,,,,,,,,,,,,,,,,,,,,,,,,,,,
v1.4.0-rc.2,v1.4.0-rc.2,Change Preventers,Divergent Change,Um código que não se encaixa na estrutura atual pode causar problemas futuros.,,,,,,,,,,,,,,,,,,,,,,,,,,,,,,,,
v1.4.0-rc.2,v1.4.0-rc.2,Dispensables,Comments,Uma lista de comentários desnecessário pode prejudicar a compreensão do código.,,,,,,,,,,,,,,,,,,,,,,,,,,,,,,,,
v1.4.0-rc.2,v1.4.0-rc.2,Couplers,Feature Envy,Um código que não faz sentido para o projeto pode gerar conflitos de funcionalidade.,,,,,,,,,,,,,,,,,,,,,,,,,,,,,,,,
v1.4.0-rc.2,v1.4.0-rc.2,Regras obrigatórias,Identificação de código smells,"Para identificar esses smells, é necessário analisar o código detalhadamente e verificar se existem alternativas mais eficientes ou melhores implementações.",,,,,,,,,,,,,,,,,,,,,,,,,,,,,,,,
v1.3.11,Long Method,Bloaters,Long Method,"Opcionalmente, pode haver outros problemas semelhantes, mas não há evidências suficientes para identificar todos os bloaters neste código.",,,,,,,,,,,,,,,,,,,,,,,,,,,,,,,,
v1.3.7,v1.3.7,Bloaters,"Long Method, Bloaters",,,,,,,,,,,,,,,,,,,,,,,,,,,,,,,,,
v1.3.4,Long Method,Bloaters,Long Method,"Opcionalmente, pode haver outras categorias que não mencionadas aqui, mas elas não são relevantes para esse cálculo. Vamos focar na Bloaters:",,,,,,,,,,,,,,,,,,,,,,,,,,,,,,,,
v1.3.4,Large Class,Bloaters,Large Class,Aumenta o tamanho do código sem razão.,,,,,,,,,,,,,,,,,,,,,,,,,,,,,,,,
v1.3.4,Primitive Obsession,Bloaters,Primitive Obsession,Usando primitive types como strings ou int pode aumentar o tamanho do código.,,,,,,,,,,,,,,,,,,,,,,,,,,,,,,,,
v1.3.4,Data Clumps,Bloaters,Data Clumps,Um bloco de dados muito grande pode tornar o código mais complexo e difícil de entender.,,,,,,,,,,,,,,,,,,,,,,,,,,,,,,,,
v1.2.10,v1.2.10,Bloaters,Long Method,,,,,,,,,,,,,,,,,,,,,,,,,,,,,,,,,
v1.2.6,v1.2.6,Bloaters,Long Method,,,,,,,,,,,,,,,,,,,,,,,,,,,,,,,,,
v1.2.3,v1.2.3,Bloaters,Long Method,Opcionalmente long method in class A,,,,,,,,,,,,,,,,,,,,,,,,,,,,,,,,
v1.2.3,v1.2.3,Object Orientation Abusers,Alternative Classes with Different Interfaces,Incompatible interfaces between classes B and C,,,,,,,,,,,,,,,,,,,,,,,,,,,,,,,,
v1.2.3,v1.2.3,Change Preventers,Divergent Change,Two different change paths leading to the same result,,,,,,,,,,,,,,,,,,,,,,,,,,,,,,,,
v1.2.3,v1.2.3,Dispensables,Comments,No comments in the code,,,,,,,,,,,,,,,,,,,,,,,,,,,,,,,,
v1.2.3,v1.2.3,Couplers,Feature Envy,Class A has features that are not used by class B,,,,,,,,,,,,,,,,,,,,,,,,,,,,,,,,
v1.1.19,Long Method,Bloaters,Long Method,"Opcionalmente, há batalhas entre classes que não são necessariamente equivalentes ou que podem ser reescritos para melhorar a eficiência.",,,,,,,,,,,,,,,,,,,,,,,,,,,,,,,,
v1.1.19,Large Class,Object Orientation Abusers,Large Class,A class que tem um tamanho muito grande pode ser considerado uma batalha entre classes que não são necessariamente equivalentes ou que podem ser reescritos para melhorar a eficiência.,,,,,,,,,,,,,,,,,,,,,,,,,,,,,,,,
v1.1.19,Primitive Obsession,Change Preventers,Primitive Obsession,Um código obsetivo que se concentra em mudanças pequenas pode ser considerado uma mudança preventiva.,,,,,,,,,,,,,,,,,,,,,,,,,,,,,,,,
v1.1.19,Data Clumps,Change Preventers,Data Clumps,Um código que contém muita data pode ser considerado uma mudança preventiva.,,,,,,,,,,,,,,,,,,,,,,,,,,,,,,,,
v1.1.19,Data Clumps,Change Preventers,Data Clumps,Um código que contém muita data pode ser considerado uma mudança preventiva.,,,,,,,,,,,,,,,,,,,,,,,,,,,,,,,,
v1.1.19,Data Clumps,Change Preventers,Data Clumps,Um código que contém muita data pode ser considerado uma mudança preventiva.,,,,,,,,,,,,,,,,,,,,,,,,,,,,,,,,
v1.1.19,Data Clumps,Change Preventers,Data Clumps,Um código que contém muita data pode ser considerado uma mudança preventiva.,,,,,,,,,,,,,,,,,,,,,,,,,,,,,,,,
v1.1.19,Data Clumps,Change Preventers,Data Clumps,Um código que contém muita data pode ser considerado uma mudança preventiva.,,,,,,,,,,,,,,,,,,,,,,,,,,,,,,,,
v1.1.19,Data Clumps,Change Preventers,Data Clumps,Um código que contém muita data pode ser considerado uma mudança preventiva.,,,,,,,,,,,,,,,,,,,,,,,,,,,,,,,,
v1.1.19,Data Clumps,Change Preventers,Data Clumps,Um código que contém muita data pode ser considerado uma mudança preventiva.,,,,,,,,,,,,,,,,,,,,,,,,,,,,,,,,
v1.1.19,Data Clumps,Change Preventers,Data Clumps,Um código que contém muita data pode ser considerado uma mudança preventiva.,,,,,,,,,,,,,,,,,,,,,,,,,,,,,,,,
v1.1.19,Data Clumps,Change Preventers,Data Clumps,Um código que contém muita data pode ser considerado uma mudança preventiva.,,,,,,,,,,,,,,,,,,,,,,,,,,,,,,,,
v1.1.19,Data Clumps,Change Preventers,Data Clumps,Um código que contém muita data pode ser considerado uma mudança preventiva.,,,,,,,,,,,,,,,,,,,,,,,,,,,,,,,,
v1.1.19,Data Clumps,Change Preventers,Data Clumps,Um código que contém muita data pode ser considerado uma mudança preventiva.,,,,,,,,,,,,,,,,,,,,,,,,,,,,,,,,
v1.1.19,Data Clumps,Change Preventers,Data Clumps,Um código que contém muita data pode ser considerado uma mudança preventiva.,,,,,,,,,,,,,,,,,,,,,,,,,,,,,,,,
v1.1.19,Data Clumps,Change Preventers,Data Clumps,Um código que contém muita data pode ser considerado uma mudança preventiva.,,,,,,,,,,,,,,,,,,,,,,,,,,,,,,,,
v1.1.19,Data Clumps,Change Preventers,Data Clumps,Um código que contém muita data pode ser considerado uma mudança preventiva.,,,,,,,,,,,,,,,,,,,,,,,,,,,,,,,,
v1.1.19,Data Clumps,Change Preventers,Data Clumps,Um código que contém muita data pode ser considerado uma mudança preventiva.,,,,,,,,,,,,,,,,,,,,,,,,,,,,,,,,
v1.1.19,Data Clumps,Change Preventers,Data Clumps,Um código que contém muita data pode ser considerado uma mudança preventiva.,,,,,,,,,,,,,,,,,,,,,,,,,,,,,,,,
v1.1.19,Data Clumps,Change Preventers,Data Clumps,Um código que contém muita data pode ser considerado uma mudança preventiva.,,,,,,,,,,,,,,,,,,,,,,,,,,,,,,,,
v1.1.19,Data Clumps,Change Preventers,Data Clumps,Um código que contém muita data pode ser considerado uma mudança preventiva.,,,,,,,,,,,,,,,,,,,,,,,,,,,,,,,,
v1.1.19,Data Clumps,Change Preventers,Data Clumps,Um código que contém muita data pode ser considerado uma mudança preventiva.,,,,,,,,,,,,,,,,,,,,,,,,,,,,,,,,
v1.1.19,Data Clumps,Change Preventers,Data Clumps,Um código que contém muita data pode ser considerado uma mudança preventiva.,,,,,,,,,,,,,,,,,,,,,,,,,,,,,,,,
v1.1.13,Long Method,Bloaters,Long Method,"Opcionalmente, pode haver long method que não seja necessário para o desempenho ou funcionalidade principal do programa.",,,,,,,,,,,,,,,,,,,,,,,,,,,,,,,,
v1.1.13,Large Class,Object Orientation Abusers,Large Class,A class that is too large and not optimized for the current needs of the program.,,,,,,,,,,,,,,,,,,,,,,,,,,,,,,,,
v1.1.13,Primitive Obsession,Change Preventers,Primitive Obsession,Não há mudança preventivo na classe primitive obsessiva.,,,,,,,,,,,,,,,,,,,,,,,,,,,,,,,,
v1.1.13,Long Parameter List,Change Preventers,Long Parameter List,A parameter list that is too long can lead to performance issues or make it harder to understand the function of the class.,,,,,,,,,,,,,,,,,,,,,,,,,,,,,,,,
v1.1.13,Data Clumps,Change Preventers,Data Clumps,"Um objeto pode ter muitos dados, tornando o código mais complexo e difícil de entender.",,,,,,,,,,,,,,,,,,,,,,,,,,,,,,,,
v1.1.13,Data Clumps,Change Preventers,Data Clumps,"Um objeto pode ter muitos dados, tornando o código mais complexo e difícil de entender.",,,,,,,,,,,,,,,,,,,,,,,,,,,,,,,,
v1.1.13,Data Clumps,Change Preventers,Data Clumps,"Um objeto pode ter muitos dados, tornando o código mais complexo e difícil de entender.",,,,,,,,,,,,,,,,,,,,,,,,,,,,,,,,
v1.1.13,Data Clumps,Change Preventers,Data Clumps,"Um objeto pode ter muitos dados, tornando o código mais complexo e difícil de entender.",,,,,,,,,,,,,,,,,,,,,,,,,,,,,,,,
v1.1.13,Data Clumps,Change Preventers,Data Clumps,"Um objeto pode ter muitos dados, tornando o código mais complexo e difícil de entender.",,,,,,,,,,,,,,,,,,,,,,,,,,,,,,,,
v1.1.13,Data Clumps,Change Preventers,Data Clumps,"Um objeto pode ter muitos dados, tornando o código mais complexo e difícil de entender.",,,,,,,,,,,,,,,,,,,,,,,,,,,,,,,,
v1.1.13,Data Clumps,Change Preventers,Data Clumps,"Um objeto pode ter muitos dados, tornando o código mais complexo e difícil de entender.",,,,,,,,,,,,,,,,,,,,,,,,,,,,,,,,
v1.1.13,Data Clumps,Change Preventers,Data Clumps,"Um objeto pode ter muitos dados, tornando o código mais complexo e difícil de entender.",,,,,,,,,,,,,,,,,,,,,,,,,,,,,,,,
v1.1.13,Data Clumps,Change Preventers,Data Clumps,"Um objeto pode ter muitos dados, tornando o código mais complexo e difícil de entender.",,,,,,,,,,,,,,,,,,,,,,,,,,,,,,,,
v1.1.13,Data Clumps,Change Preventers,Data Clumps,"Um objeto pode ter muitos dados, tornando o código mais complexo e difícil de entender.",,,,,,,,,,,,,,,,,,,,,,,,,,,,,,,,
v1.1.13,Data Clumps,Change Preventers,Data Clumps,"Um objeto pode ter muitos dados, tornando o código mais complexo e difícil de entender.",,,,,,,,,,,,,,,,,,,,,,,,,,,,,,,,
v1.1.13,Data Clumps,Change Preventers,Data Clumps,"Um objeto pode ter muitos dados, tornando o código mais complexo e difícil de entender.",,,,,,,,,,,,,,,,,,,,,,,,,,,,,,,,
v1.1.13,Data Clumps,Change Preventers,Data Clumps,"Um objeto pode ter muitos dados, tornando o código mais complexo e difícil de entender.",,,,,,,,,,,,,,,,,,,,,,,,,,,,,,,,
v1.1.13,Data Clumps,Change Preventers,Data Clumps,"Um objeto pode ter muitos dados, tornando o código mais complexo e difícil de entender.",,,,,,,,,,,,,,,,,,,,,,,,,,,,,,,,
v1.1.13,Data Clumps,Change Preventers,Data Clumps,"Um objeto pode ter muitos dados, tornando o código mais complexo e difícil de entender.",,,,,,,,,,,,,,,,,,,,,,,,,,,,,,,,
v1.1.13,Data Clumps,Change Preventers,Data Clumps,"Um objeto pode ter muitos dados, tornando o código mais complexo e difícil de entender.",,,,,,,,,,,,,,,,,,,,,,,,,,,,,,,,
v1.1.13,Data Clumps,Change Preventers,Data Clumps,"Um objeto pode ter muitos dados, tornando o código mais complexo e difícil de entender.",,,,,,,,,,,,,,,,,,,,,,,,,,,,,,,,
v1.1.13,Data Clumps,Change Preventers,Data Clumps,"Um objeto pode ter muitos dados, tornando o código mais complexo e difícil de entender.",,,,,,,,,,,,,,,,,,,,,,,,,,,,,,,,
v1.1.13,Data Clumps,Change Preventers,Data Clumps,Um objeto,,,,,,,,,,,,,,,,,,,,,,,,,,,,,,,,
v1.1.7,v1.1.7,Bloaters,Long Method,,,,,,,,,,,,,,,,,,,,,,,,,,,,,,,,,
v1.0.5,Long Method,Bloaters,Long Method,"Opcionalmente, há batalhas entre classes que não são necessariamente relacionadas ao problema principal (como ""Data Clumps"").",,,,,,,,,,,,,,,,,,,,,,,,,,,,,,,,
v1.0.5,Large Class,Object Orientation Abusers,Large Class,A combinação de grandes classes pode levar à complexidade desnecessária e dificuldades para entender e manter o código.,,,,,,,,,,,,,,,,,,,,,,,,,,,,,,,,
v1.0.5,Primitive Obsession,Change Preventers,Primitive Obsession,Um comportamento de código obsesivo pode causar conflitos e dificultar a compreensão do código.,,,,,,,,,,,,,,,,,,,,,,,,,,,,,,,,
v1.0.5,Long Parameter List,Change Preventers,Long Parameter List,Um uso excessivo de parâmetros longos pode tornar o código mais difícil de se entender e manter.,,,,,,,,,,,,,,,,,,,,,,,,,,,,,,,,
v1.0.5,Data Clumps,Change Preventers,Data Clumps,Um problema de dados muito grandes pode dificultar a organização e a compreensão do código.,,,,,,,,,,,,,,,,,,,,,,,,,,,,,,,,
v1.0.5,Data Clumps,Change Preventers,Data Clumps,Um problema de dados muito grandes pode dificultar a organização e a compreensão do código.,,,,,,,,,,,,,,,,,,,,,,,,,,,,,,,,
v0.9.30,Long Method,Bloaters,Long Method,"Opcionalmente, há batalhas entre classes e métodos que podem ser reduzidas ou refatoradas para melhorar a organização e a legibilidade do código.",,,,,,,,,,,,,,,,,,,,,,,,,,,,,,,,
v0.9.30,Large Class,Object Orientation Abusers,Large Class,Aqui estão alguns exemplos de grandes classes que podem ser refatoradas para torná-las mais compactas e organizadas.,,,,,,,,,,,,,,,,,,,,,,,,,,,,,,,,
v0.9.30,Primitive Obsession,Change Preventers,Primitive Obsession,Um exemplo seria a implementação de métodos primitivos em classes que não são necessariamente necessárias.,,,,,,,,,,,,,,,,,,,,,,,,,,,,,,,,
v0.9.30,Data Clumps,Change Preventers,Data Clumps,Isolando dados em funções específicas pode ajudar a evitar problemas de data clump.,,,,,,,,,,,,,,,,,,,,,,,,,,,,,,,,
v0.9.30,Data Clumps,Change Preventers,Data Clumps,Uma possível solução seria a criação de uma função auxiliar que armazene dados únicos e facilite a manipulação dos dados.,,,,,,,,,,,,,,,,,,,,,,,,,,,,,,,,
v0.9.30,Data Clumps,Change Preventers,Data Clumps,"Essencialmente, essa é uma forma de garantir que todos os dados sejam tratados de maneira uniforme e eficiente.",,,,,,,,,,,,,,,,,,,,,,,,,,,,,,,,
v0.9.30,Data Clumps,Change Preventers,Data Clumps,"Uma alternativa seria a implementação de uma estrutura de dados mais organizada, como uma lista de dados, para facilitar a leitura e a manipulação dos dados.",,,,,,,,,,,,,,,,,,,,,,,,,,,,,,,,
v0.9.30,Data Clumps,Change Preventers,Data Clumps,Uma opção seria a criação de uma função que recebe dados e retorna uma lista de dados ordenados.,,,,,,,,,,,,,,,,,,,,,,,,,,,,,,,,
v0.9.30,Data Clumps,Change Preventers,Data Clumps,Uma outra opção seria a implementação de uma classe de dados que mantenha a estrutura de dados e funcione como uma lista de dados.,,,,,,,,,,,,,,,,,,,,,,,,,,,,,,,,
v0.9.30,Data Clumps,Change Preventers,Data Clumps,Uma última opção seria a implementação de uma classe de dados que seja responsavel por gerenciar a estrutura de dados e funcione como uma lista de dados.,,,,,,,,,,,,,,,,,,,,,,,,,,,,,,,,
v0.9.30,Data Clumps,Change Preventers,Data Clumps,Uma opção seria a criação de uma função que recebe dados e retorna uma lista de dados ordenados.,,,,,,,,,,,,,,,,,,,,,,,,,,,,,,,,
v0.9.30,Data Clumps,Change Preventers,Data Clumps,Uma outra opção seria a implementação de uma classe de dados que mantenha a estrutura de dados e funcione como uma lista de dados.,,,,,,,,,,,,,,,,,,,,,,,,,,,,,,,,
v0.9.30,Data Clumps,Change Preventers,Data Clumps,Uma última opção seria a implementação de uma classe de dados que seja responsavel por gerenciar a estrutura de dados e funcione como uma lista de dados.,,,,,,,,,,,,,,,,,,,,,,,,,,,,,,,,
v0.9.30,Data Clumps,Change Preventers,Data Clumps,Uma opção seria a criação de uma função que recebe dados e retorna uma lista de dados ordenados.,,,,,,,,,,,,,,,,,,,,,,,,,,,,,,,,
v0.9.30,Data Clumps,Change Preventers,Data Clumps,Uma outra opção seria a implementação de uma classe de dados que mantenha a estrutura de dados e funcione como uma lista de dados.,,,,,,,,,,,,,,,,,,,,,,,,,,,,,,,,
v0.9.30,Data Clumps,Change Preventers,Data Clumps,Uma última opção seria a implementação de uma classe de dados que seja responsavel por gerenciar a estrutura de dados e funcione como uma lista de dados.,,,,,,,,,,,,,,,,,,,,,,,,,,,,,,,,
v0.9.30,Data Clumps,Change Preventers,Data Clumps,Uma opção seria a criação de uma função que recebe dados e retorna uma lista de dados ordenados.,,,,,,,,,,,,,,,,,,,,,,,,,,,,,,,,
v0.9.30,Data Clumps,Change Preventers,Data Clumps,Uma outra opção seria a implementação de uma classe de dados que mantenha a estrutura de dados e funcione como uma lista de dados.,,,,,,,,,,,,,,,,,,,,,,,,,,,,,,,,
v0.9.30,Data Clumps,Change Preventers,Data,,,,,,,,,,,,,,,,,,,,,,,,,,,,,,,,,
v0.9.27,v0.9.27,Bloaters,Long Method,Opcionalmente longos parâmetros e classes não são bem estruturadas,,,,,,,,,,,,,,,,,,,,,,,,,,,,,,,,
v0.9.27,v0.9.27,Object Orientation Abusers,Refusal of bequest,,,,,,,,,,,,,,,,,,,,,,,,,,,,,,,,,
v0.9.27,v0.9.27,Change Preventers,Divergente mudança,,,,,,,,,,,,,,,,,,,,,,,,,,,,,,,,,
v0.9.27,v0.9.27,Dispensables,Comentários desnecessários,,,,,,,,,,,,,,,,,,,,,,,,,,,,,,,,,
v0.9.27,v0.9.27,Couplers,Feature enveja,,,,,,,,,,,,,,,,,,,,,,,,,,,,,,,,,
v0.9.27,v0.9.27,Regras Obrigatórias,Identificação dos smells especificados,,,,,,,,,,,,,,,,,,,,,,,,,,,,,,,,,
v0.9.27,v0.9.27,NENHUM,NENHUM,Nenhum code smell identificado,,,,,,,,,,,,,,,,,,,,,,,,,,,,,,,,
v0.9.23,Long Method,Bloaters,Long Method,"Opcionalmente, há batalhas entre classes e métodos que podem ser reduzidas ao longo do tempo",,,,,,,,,,,,,,,,,,,,,,,,,,,,,,,,
v0.9.23,Large Class,Object Orientation Abusers,Large Class,A combinação de métodos grandes pode tornar o código mais complexo e difícil de manter,,,,,,,,,,,,,,,,,,,,,,,,,,,,,,,,
v0.9.23,Primitive Obsession,Change Preventers,Primitive Obsession,Um código obsoluto pode causar problemas futuros e dificultar a compreensão do código,,,,,,,,,,,,,,,,,,,,,,,,,,,,,,,,
v0.9.23,Data Clumps,Change Preventers,Data Clumps,Um código que contém muitos dados pode ser complicado para ler e entender,,,,,,,,,,,,,,,,,,,,,,,,,,,,,,,,
v0.9.17,Long Method,Bloaters,Long Method,"Opcionalmente, há batalhas entre classes que não são necessariamente responsáveis pela execução específica do programa, mas podem ser usadas para fins de testes ou debugging.",,,,,,,,,,,,,,,,,,,,,,,,,,,,,,,,
v0.9.14,v0.9.14,Bloaters,Large Class,"Opcionalmente, a classe ""Car"" tem um método chamado ""Brake"" que não está sendo utilizado em todas as instâncias, o que pode resultar em batalhas entre classes e métodos desnecessários.",,,,,,,,,,,,,,,,,,,,,,,,,,,,,,,,
v0.9.5,Long Method,Bloaters,Long Method,"Opcionalmente, há longa lista de parâmetros que não são utilizadas em todas as chamadas.",,,,,,,,,,,,,,,,,,,,,,,,,,,,,,,,
v0.9.5,Large Class,Object Orientation Abusers,Large Class,A class with large number of parameters is not used in all calls.,,,,,,,,,,,,,,,,,,,,,,,,,,,,,,,,
v0.9.5,Primitive Obsession,Change Preventers,Primitive Obsession,The primitive obsession occurs when there are too many primitives (primitive types or primitive values).,,,,,,,,,,,,,,,,,,,,,,,,,,,,,,,,
v0.9.5,Data Clumps,Change Preventers,Data Clumps,There are data clumps in the code that can be simplified or removed to improve readability and maintainability.,,,,,,,,,,,,,,,,,,,,,,,,,,,,,,,,
v0.9.5,Data Clumps,Change Preventers,Data Clumps,There are data clumps in the code that can be simplified or removed to improve readability and maintainability.,,,,,,,,,,,,,,,,,,,,,,,,,,,,,,,,
v0.9.2,Long Method,Bloaters,Long Method,"Opcionalmente, há batalhas entre classes e interfaces que podem ser refatoradas para melhorar a organização e a legibilidade do código.",,,,,,,,,,,,,,,,,,,,,,,,,,,,,,,,
v0.9.2,Large Class,Object Orientation Abusers,Large Class,"A class too large and complex can be broken down into smaller, more manageable components.",,,,,,,,,,,,,,,,,,,,,,,,,,,,,,,,
v0.9.2,Primitive Obsession,Change Preventers,Primitive Obsession,Um código obsesivo pode causar problemas de mudança e dificuldades de manutenção ao longo do tempo.,,,,,,,,,,,,,,,,,,,,,,,,,,,,,,,,
v0.9.2,Data Clumps,Change Preventers,Data Clumps,Uma lista de dados muito grande pode tornar a lógica do programa mais difícil de entender e manter.,,,,,,,,,,,,,,,,,,,,,,,,,,,,,,,,
v0.9.2,Data Clumps,Change Preventers,Data Clumps,Uma lista de dados muito grande pode tornar a lógica do programa mais difícil de entender e manter.,,,,,,,,,,,,,,,,,,,,,,,,,,,,,,,,
v0.8.26,v0.8.26,Bloaters,Long Method,Opcionalmente longa classe sem interface principal,Opcionalmente longa classe sem interface principal e não implementada,,,,,,,,,,,,,,,,,,,,,,,,,,,,,,,
v0.8.22,v0.8.22,Bloaters,Long Method,Opcionalmente longos parâmetros e classes não são bem estruturadas,,,,,,,,,,,,,,,,,,,,,,,,,,,,,,,,
v0.8.22,v0.8.22,Object Orientation Abusers,Refusal of bequest e switch statements,,,,,,,,,,,,,,,,,,,,,,,,,,,,,,,,,
v0.8.22,v0.8.22,Change Preventers,Divergent change e parallel inheritance hierarchies,,,,,,,,,,,,,,,,,,,,,,,,,,,,,,,,,
v0.8.22,v0.8.22,Dispensables,Comments duplicados e data class,,,,,,,,,,,,,,,,,,,,,,,,,,,,,,,,,
v0.8.22,v0.8.22,Couplers,Feature envy e inappropriately intimate interfaces,,,,,,,,,,,,,,,,,,,,,,,,,,,,,,,,,
v0.8.22,v0.8.22,Regras Obrigatórias,Identificação de bloaters e object orientation abusers,,,,,,,,,,,,,,,,,,,,,,,,,,,,,,,,,
v0.8.22,v0.8.22,Regras Obrigatórias,Identificação de change preventers e dispensables,,,,,,,,,,,,,,,,,,,,,,,,,,,,,,,,,
v0.8.22,v0.8.22,Regras Obrigatórias,Identificação de couplers e regras observasivas,,,,,,,,,,,,,,,,,,,,,,,,,,,,,,,,,
v0.8.18,v0.8.18,Bloaters,Large Class,"Opcionalmente, a classe ""Produto"" possui muitos atributos que não são necessários para representar seu estado atual.",,,,,,,,,,,,,,,,,,,,,,,,,,,,,,,,
v0.8.18,v0.8.18,Object Orientation Abusers,Alternative Classes with Different Interfaces,"Aqui, há classes alternativas que não implementam o interface ""IProduto"", tornando-a mais difícil de se trabalhar.",,,,,,,,,,,,,,,,,,,,,,,,,,,,,,,,
v0.8.18,v0.8.18,Change Preventers,Switch Statements,Um switch statement pode causar conflitos de codificação quando usado incorretamente.,,,,,,,,,,,,,,,,,,,,,,,,,,,,,,,,
v0.8.18,v0.8.18,Dispensables,Comments,Existem comentários desnecessários que podem ser substituídos por docstrings ou métodos de classe.,,,,,,,,,,,,,,,,,,,,,,,,,,,,,,,,
v0.8.18,v0.8.18,Couplers,Feature Envy,"Aqui, há referências ao produto que não estão sendo usadas corretamente.",,,,,,,,,,,,,,,,,,,,,,,,,,,,,,,,
v0.8.18,v0.8.18,Regras obrigatórias,Diversão,"Aqui, há referências ao produto que não está sendo utilizado corretamente.",,,,,,,,,,,,,,,,,,,,,,,,,,,,,,,,
v0.8.15,v0.8.15,Bloaters,Large Class,"Opcionalmente, a classe ""Car"" tem um método que retorna uma string contendo informações sobre o carro, o que não é necessário para o funcionamento do programa.",,,,,,,,,,,,,,,,,,,,,,,,,,,,,,,,
$v0.8.15,Car,Bloaters,$Large Class,"$Opcionalmente, a classe ""Car"" tem um método que retorna uma string contendo informações sobre o carro, o que não é necessário para o funcionamento do programa.$",,,,,,,,,,,,,,,,,,,,,,,,,,,,,,,,
v0.8.10,Long Method,Bloaters,Long Method,"Opcionalmente, há longas linhas de código que podem ser reduzidas ou refactorizadas para melhorar a legibilidade e a eficiência do código.",,,,,,,,,,,,,,,,,,,,,,,,,,,,,,,,
v0.8.10,Large Class,Object Orientation Abusers,Large Class,Aqui estão algumas alterações que podem ajudar a refatorar o código:,,,,,,,,,,,,,,,,,,,,,,,,,,,,,,,,
v0.8.6,v0.8.6,Bloaters,Long Method,Opcionalmente long method in class A,,,,,,,,,,,,,,,,,,,,,,,,,,,,,,,,
v0.8.6,v0.8.6,Object Orientation Abusers,Alternative Classes with Different Interfaces,Refused Bequest in class B,,,,,,,,,,,,,,,,,,,,,,,,,,,,,,,,
v0.8.6,v0.8.6,Change Preventers,Divergent Change in class C,,,,,,,,,,,,,,,,,,,,,,,,,,,,,,,,,
v0.8.6,v0.8.6,Dispensables,Comments in class D,,,,,,,,,,,,,,,,,,,,,,,,,,,,,,,,,
v0.8.6,v0.8.6,Couplers,Feature Envy in class E,,,,,,,,,,,,,,,,,,,,,,,,,,,,,,,,,
v0.8.6,v0.8.6,Regras obrigatórias,Identificação de code smells,Nenhum code smell identificado,,,,,,,,,,,,,,,,,,,,,,,,,,,,,,,,
v0.8.3,v0.8.3,Bloaters,Long Method,Opcionalmente longa classe,,,,,,,,,,,,,,,,,,,,,,,,,,,,,,,,
v0.8.3,v0.8.3,Object Orientation Abusers,Alternative Classes with Different Interfaces,,,,,,,,,,,,,,,,,,,,,,,,,,,,,,,,,
v0.8.3,v0.8.3,Change Preventers,Divergent Change,,,,,,,,,,,,,,,,,,,,,,,,,,,,,,,,,
v0.8.3,v0.8.3,Dispensables,Comments,,,,,,,,,,,,,,,,,,,,,,,,,,,,,,,,,
v0.8.3,v0.8.3,Couplers,Feature Envy,,,,,,,,,,,,,,,,,,,,,,,,,,,,,,,,,
v0.7.16,v0.7.16,Bloaters,Long Method,Opcionalmente longa classe sem interface principal,Aqui está um exemplo de código que pode ser considerado um Bloater:,,,,,,,,,,,,,,,,,,,,,,,,,,,,,,,
v0.7.13,v0.7.13,Bloaters,Long Method,"Opcionalmente, há batalhas entre classes e métodos que podem ser reduzidas ao longo do tempo.",,,,,,,,,,,,,,,,,,,,,,,,,,,,,,,,
v0.7.13,v0.7.13,Object Orientation Abusers,Alternative Classes with Different Interfaces,Assevero-se que existem classes alternativas que não são necessariamente mais eficientes.,,,,,,,,,,,,,,,,,,,,,,,,,,,,,,,,
v0.7.13,v0.7.13,Change Preventers,Divergent Change,A divergência entre versões pode causar problemas de integração.,,,,,,,,,,,,,,,,,,,,,,,,,,,,,,,,
v0.7.13,v0.7.13,Couplers,Feature Envy,Os objetos têm características únicas que podem ser desejadas em outras partes do código.,,,,,,,,,,,,,,,,,,,,,,,,,,,,,,,,
v0.7.13,v0.7.13,Regras obrigatórias,"Identificou apenas alguns pontos de atenção, mas ainda há oportunidades para melhorias.",,,,,,,,,,,,,,,,,,,,,,,,,,,,,,,,,
v0.7.10,Long Method,Bloaters,Long Method,"Opcionalmente, há batalhas entre classes e interfaces que podem ser refatoradas para melhorar a organização e eficiência do código.",,,,,,,,,,,,,,,,,,,,,,,,,,,,,,,,
v0.7.10,Large Class,Object Orientation Abusers,Large Class,Ajustes para melhorar a estrutura de classe e a organização do código.,,,,,,,,,,,,,,,,,,,,,,,,,,,,,,,,
v0.7.10,Primitive Obsession,Change Preventers,Primitive Obsession,Ajustes para evitar a repetição de métodos primitive.,,,,,,,,,,,,,,,,,,,,,,,,,,,,,,,,
v0.7.10,Data Clumps,Change Preventers,Data Clumps,Ajustes para reduzir o tamanho de dados e torná-los mais legíveis.,,,,,,,,,,,,,,,,,,,,,,,,,,,,,,,,
v0.7.10,Data Clumps,Change Preventers,Data Clumps,Ajustes para garantir que os dados sejam usados de maneira eficiente.,,,,,,,,,,,,,,,,,,,,,,,,,,,,,,,,
v0.7.10,Data Clumps,Change Preventers,Data Clumps,Ajustes para garantir que os dados sejam usados de maneira eficiente,,,,,,,,,,,,,,,,,,,,,,,,,,,,,,,,
v0.7.6,Long Method,Bloaters,Long Method,"Opcionalmente, há longa lista de parâmetros e dados que não são relevantes para o propósito principal do código.",,,,,,,,,,,,,,,,,,,,,,,,,,,,,,,,
v0.7.6,Large Class,Object Orientation Abusers,Large Class,Aqui estão alguns exemplos de classes grandes e complexas que podem causar problemas de bloat.,,,,,,,,,,,,,,,,,,,,,,,,,,,,,,,,
v0.7.6,Primitive Obsession,Change Preventers,Primitive Obsession,Isolamento de classes primitives pode ajudar a evitar conflitos de tipos e erros de compilação.,,,,,,,,,,,,,,,,,,,,,,,,,,,,,,,,
v0.7.6,Data Clumps,Change Preventers,Data Clumps,É possível que existam muitos valores de entrada ou saídas que não sejam necessariamente relevantes ao objetivo do código.,,,,,,,,,,,,,,,,,,,,,,,,,,,,,,,,
v0.7.6,Data Clumps,Change Preventers,Data Clumps,É possível que exist,,,,,,,,,,,,,,,,,,,,,,,,,,,,,,,,
v0.7.3,v0.7.3,Bloaters,Long Method,"Opcionalmente long method in class ""MyClass"" is causing the code smell of Bloaters.",,,,,,,,,,,,,,,,,,,,,,,,,,,,,,,,
v0.7.3,v0.7.3,Object Orientation Abusers,Alternative Classes with Different Interfaces are not recommended in this scenario.,,,,,,,,,,,,,,,,,,,,,,,,,,,,,,,,,
v0.7.3,v0.7.3,Change Preventers,Parallel Inheritance Hierarchies and Shotgun Surgery can lead to complex and difficult-to-maintain code.,,,,,,,,,,,,,,,,,,,,,,,,,,,,,,,,,
v0.7.3,v0.7.3,Dispensables,Comments and duplicate code are common in this context.,,,,,,,,,,,,,,,,,,,,,,,,,,,,,,,,,
v0.7.3,v0.7.3,Couplers,Feature Envy and Inappropriate Intimacy can cause issues in this project.,,,,,,,,,,,,,,,,,,,,,,,,,,,,,,,,,
v0.7.0,Long Method,Bloaters,Long Method,Opcionalmente long method que não é necessário para o propósito principal,,,,,,,,,,,,,,,,,,,,,,,,,,,,,,,,
v0.7.0,Large Class,Object Orientation Abusers,Large Class,A classe grande que não serve seu propósito principal,,,,,,,,,,,,,,,,,,,,,,,,,,,,,,,,
v0.7.0,Primitive Obsession,Change Preventers,Primitive Obsession,Um comportamento obsoluto que impede a mudança de código,,,,,,,,,,,,,,,,,,,,,,,,,,,,,,,,
v0.7.0,Long Parameter List,Change Preventers,Long Parameter List,Um parâmetro muito longo que não ajuda na eficiência do código,,,,,,,,,,,,,,,,,,,,,,,,,,,,,,,,
v0.7.0,Data Clumps,Change Preventers,Data Clumps,Uma coleção de dados que não faz sentido em termos de uso,,,,,,,,,,,,,,,,,,,,,,,,,,,,,,,,
v0.6.11,v0.6.11,Bloaters,Long Method,"Opcionalmente, há um bloco longo de métodos que podem ser reduzidos ou substituídos para melhorar a eficiência do código.",,,,,,,,,,,,,,,,,,,,,,,,,,,,,,,,
v0.6.11,v0.6.11,Object Orientation Abusers,Alternative Classes with Different Interfaces,Aqui estão algumas opções de classes alternativas que podem ser usadas para resolver esse problema sem alterar a estrutura atual do código.,,,,,,,,,,,,,,,,,,,,,,,,,,,,,,,,
v0.6.11,v0.6.11,Change Preventers,Divergent Change,Um exemplo de mudança divergente seria a implementação de uma nova classe que seja mais flexível e modular.,,,,,,,,,,,,,,,,,,,,,,,,,,,,,,,,
v0.6.11,v0.6.11,Dispensables,Comments,As comentários são desnecessários e podem causar confusão ao ler o código.,,,,,,,,,,,,,,,,,,,,,,,,,,,,,,,,
v0.6.11,v0.6.11,Couplers,Feature Envy,Um exemplo de código que pode causar conflito entre diferentes funcionalidades pode ser a criação de uma classe que gere múltiplas versões do mesmo método.,,,,,,,,,,,,,,,,,,,,,,,,,,,,,,,,
v0.6.11,v0.6.11,Regras obrigatórias,Identificação de Bloaters,Essa regra indica que todos os bloques de código devem ser minimizados ou substituídos para evitar problemas de bloat.,,,,,,,,,,,,,,,,,,,,,,,,,,,,,,,,
v0.6.11,v0.6.11,Regras obrigatórias,Identificação de Object Orientation Abusers,Essa regra sugere que todas as classes alternative devem ter interfaces diferentes para garantir a independência e a modularidade do código.,,,,,,,,,,,,,,,,,,,,,,,,,,,,,,,,
v0.6.11,v0.6.11,Regras obrigatórias,Identificação de Change Preventers,Essa regra enfatiza a necessidade de evitar mudanças divergentes e a implementação de novos métodos quando possível.,,,,,,,,,,,,,,,,,,,,,,,,,,,,,,,,
v0.6.11,v0.6.11,Regras obrigatórias,Identificação de Dispensables,Essa regra sugere a implementação de classes alternativas para resolver problemas de concorrência.,,,,,,,,,,,,,,,,,,,,,,,,,,,,,,,,
v0.6.11,v0.6.11,Regras obrigatórias,Identificação de Couplers,Essa regra alerta sobre a possibilidade de conflitos entre classes e métodos.,,,,,,,,,,,,,,,,,,,,,,,,,,,,,,,,
v0.6.11,v0.6.11,Regras obrigatórias,Identificação de Regras Objetivas,Essa regra enfatiza a importância de identificar e corrigir problemas de bloat antes de lançar o código.,,,,,,,,,,,,,,,,,,,,,,,,,,,,,,,,
v0.6.11,v0.6.11,Regras obrigatórias,Identificação de Bloaters,Essa regra indica que todos os bloques de código devem ser minimizados ou substituídos para evitar problemas de bloat.,,,,,,,,,,,,,,,,,,,,,,,,,,,,,,,,
v0.6.11,v0.6.11,Regras obrigatórias,Identificação de Object Orientation Abusers,Essa regra sugere que todas as classes alternative devem ter interfaces diferentes para garantir a independência e a modularidade do código.,,,,,,,,,,,,,,,,,,,,,,,,,,,,,,,,
v0.6.11,v0.6.11,Regras obrigatórias,Identificação de Change Preventers,Essa regra enfatiza a necessidade de evitar mudanças divergentes e a implementação de novos métodos quando possível.,,,,,,,,,,,,,,,,,,,,,,,,,,,,,,,,
v0.6.11,v0.6.11,Regras obrigatórias,Identificação de Dispensables,Essa regra sugere a implementação de classes alternativas para resolver problemas de concorrência.,,,,,,,,,,,,,,,,,,,,,,,,,,,,,,,,
v0.6.11,v0.6.11,Regras obrigatórias,Identificação de Couplers,Essa regra alerta sobre a possibilidade de conflitos entre classes e métodos.,,,,,,,,,,,,,,,,,,,,,,,,,,,,,,,,
v0.6.11,v0.6.11,Regras obrigatórias,Identificação de,,,,,,,,,,,,,,,,,,,,,,,,,,,,,,,,,
v0.6.8,Long Method,Bloaters,Long Method,"Opcionalmente, há longa lista de parâmetros que não são necessárias para o método principal.",,,,,,,,,,,,,,,,,,,,,,,,,,,,,,,,
v0.6.8,Large Class,Object Orientation Abusers,Large Class,A combinação de classes com interfaces diferentes pode ser desnecessária.,,,,,,,,,,,,,,,,,,,,,,,,,,,,,,,,
v0.6.8,Primitive Obsession,Change Preventers,Primitive Obsession,Um comportamento de código que se refere a substituir objetos primitive por outros tipos mais complexos pode ser prejudicial ao código.,,,,,,,,,,,,,,,,,,,,,,,,,,,,,,,,
v0.6.8,Data Clumps,Change Preventers,Data Clumps,Um conjunto de dados muito grande pode ser difícil de manipular e pode causar problemas de performance.,,,,,,,,,,,,,,,,,,,,,,,,,,,,,,,,
v0.6.8,Data Clumps,Change Preventers,Data Clumps,Um conjunto de dados muito grande pode ser difícil de manipular e pode causar problemas de performance.,,,,,,,,,,,,,,,,,,,,,,,,,,,,,,,,
v0.6.5,v0.6.5,Bloaters,Long Method,Opcionalmente long method in class A is causing the code to become bloated and difficult to maintain.,,,,,,,,,,,,,,,,,,,,,,,,,,,,,,,,
v0.6.5,v0.6.5,Object Orientation Abusers,Alternative Classes with Different Interfaces are creating unnecessary complexity.,,,,,,,,,,,,,,,,,,,,,,,,,,,,,,,,,
v0.6.5,v0.6.5,Change Preventers,Divergent change between classes leads to inconsistent behavior and increased complexity.,,,,,,,,,,,,,,,,,,,,,,,,,,,,,,,,,
v0.6.5,v0.6.5,Dispensables,"Comments, duplicate code, data class, dead code, lazy class, speculative generality, feature envy, inappropriate intimacy, incomplete library class, message chains, middle man.",,,,,,,,,,,,,,,,,,,,,,,,,,,,,,,,,
v0.5.9,Long Method,Bloaters,Long Method,"Opcionalmente, há batalhas entre classes que não são necessariamente equivalentes ou que podem ser substituídas por outras classes sem alterar significativamente o comportamento original.",,,,,,,,,,,,,,,,,,,,,,,,,,,,,,,,
v0.5.6,Long Method,Bloaters,Long Method,Opcionalmente long method que usa muitos parâmetros e não está implementado com interfaces padrão,v0.5.6,Bloaters,Long Method,Opcionalmente long method que usa muitos parâmetros e não está implementado com interfaces padrão,v0.5.6,Data Clumps,Parallel Inheritance Hierarchies,Desconhecida estrutura de hierarquia de classes,v0.5.6,Divergent Change,Refactored to improve readability and maintainability,v0.5.6,Incomplete Library Class,Impermissível falta de implementação de métodos de classe externa,v0.5.6,Message Chains,Sintaxe de mensagem para melhorar a legibilidade,v0.5.6,Middle Man,Utilização desnecessária de métodos intermedios,v0.5.6,Feature Envy,Método inesperado utilizado sem justificativa,v0.5.6,Dead Code,Método desnecessariamente usado,v0.5.6,Lazy Class,Classe temporária utilizada sem uso eficiente,v0.5.6,Speculative Generality,Método inesperado utilizado sem justificativa
v0.5.2,v0.5.2,Bloaters,Long Method,Opcionalmente longa classe,,,,,,,,,,,,,,,,,,,,,,,,,,,,,,,,
v0.5.2,v0.5.2,Object Orientation Abusers,Alternative Classes with Different Interfaces,,,,,,,,,,,,,,,,,,,,,,,,,,,,,,,,,
v0.5.2,v0.5.2,Change Preventers,Divergent Change,,,,,,,,,,,,,,,,,,,,,,,,,,,,,,,,,
v0.5.2,v0.5.2,Dispensables,Comments,,,,,,,,,,,,,,,,,,,,,,,,,,,,,,,,,
v0.5.2,v0.5.2,Couplers,Feature Envy,,,,,,,,,,,,,,,,,,,,,,,,,,,,,,,,,
v0.4.9,Long Method,Bloaters,Long Method,Opcionalmente long method que não é necessário para o propósito principal do código,,,,,,,,,,,,,,,,,,,,,,,,,,,,,,,,
v0.4.9,Large Class,Object Orientation Abusers,Large Class,A classe grande que não tem sentido de interação com o resto do código,,,,,,,,,,,,,,,,,,,,,,,,,,,,,,,,
v0.4.9,Primitive Obsession,Change Preventers,Primitive Obsession,Um comportamento de código que impede a mudança de forma,,,,,,,,,,,,,,,,,,,,,,,,,,,,,,,,
v0.4.9,Long Parameter List,Change Preventers,Long Parameter List,Uma lista de parâmetros muito larga que pode causar problemas de compreensão e escalabilidade,,,,,,,,,,,,,,,,,,,,,,,,,,,,,,,,
v0.4.9,Data Clumps,Change Preventers,Data Clumps,Um conjunto de dados muito grandes que podem não ser facilmente manipulados ou processados,,,,,,,,,,,,,,,,,,,,,,,,,,,,,,,,
v0.4.6,v0.4.6,Bloaters,Long Method,Opcionalmente longa classe,,,,,,,,,,,,,,,,,,,,,,,,,,,,,,,,
v0.4.6,v0.4.6,Object Orientation Abusers,Alternative Classes with Different Interfaces,,,,,,,,,,,,,,,,,,,,,,,,,,,,,,,,,
v0.4.6,v0.4.6,Change Preventers,Divergent Change,,,,,,,,,,,,,,,,,,,,,,,,,,,,,,,,,
v0.4.6,v0.4.6,Dispensables,Comments,,,,,,,,,,,,,,,,,,,,,,,,,,,,,,,,,
v0.4.6,v0.4.6,Couplers,Feature Envy,,,,,,,,,,,,,,,,,,,,,,,,,,,,,,,,,
v0.4.2,v0.4.2,Bloaters,Long Method,Opcionalmente long method que não é necessário para o propósito principal do código,,,,,,,,,,,,,,,,,,,,,,,,,,,,,,,,
v0.4.2,v0.4.2,Object Orientation Abusers,Alternative Classes with Different Interfaces,Refactored classes to improve object orientation,,,,,,,,,,,,,,,,,,,,,,,,,,,,,,,,
v0.4.2,v0.4.2,Change Preventers,Divergent Change,Implemented refactoring techniques to prevent changes from diverging in functionality,,,,,,,,,,,,,,,,,,,,,,,,,,,,,,,,
v0.4.2,v0.4.2,Dispensables,Comments,Removed unnecessary comments and redundant code,,,,,,,,,,,,,,,,,,,,,,,,,,,,,,,,
v0.4.2,v0.4.2,Couplers,Feature Envy,Improved feature prioritization by focusing on new features rather than existing ones,,,,,,,,,,,,,,,,,,,,,,,,,,,,,,,,
v0.4.2,v0.4.2,Regras obrigatórias,Identified code smells,"Identified Bloaters (long method), Object Orientation Abusers (alternative classes with different interfaces), Change Preventers (divergent change), Dispensables (comments)",Identified Couplers (feature envy).,,,,,,,,,,,,,,,,,,,,,,,,,,,,,,,
v0.3.9,Long Method,Bloaters,Long Method,"Opcionalmente, há batalhas entre classes que não são necessariamente responsáveis pelo comportamento específico do código, mas podem ser consideradas batorias devido à complexidade e desigualdade de seus métodos.",,,,,,,,,,,,,,,,,,,,,,,,,,,,,,,,
v0.3.6,Long Method,Bloaters,Long Method,"Opcionalmente, há batalhas entre classes que não são necessariamente equivalentes ou que podem ser substituídos por outras classes sem alterar significativamente a funcionalidade principal.",,,,,,,,,,,,,,,,,,,,,,,,,,,,,,,,
v0.3.2,v0.3.2,Bloaters,Long Method,"Opcionalmente long method in class ""MyClass"" is causing the code smell of Bloaters.",,,,,,,,,,,,,,,,,,,,,,,,,,,,,,,,
v0.3.2,v0.3.2,Object Orientation Abusers,Alternative Classes with Different Interfaces are not recommended due to their complexity and potential misuse.,,,,,,,,,,,,,,,,,,,,,,,,,,,,,,,,,
v0.3.2,v0.3.2,Change Preventers,Parallel Inheritance Hierarchies can lead to complex and difficult-to-maintain code.,,,,,,,,,,,,,,,,,,,,,,,,,,,,,,,,,
v0.3.2,v0.3.2,Dispensables,Comments and duplicate code are common in large projects.,,,,,,,,,,,,,,,,,,,,,,,,,,,,,,,,,
v0.3.2,v0.3.2,Couplers,Feature Envy and Inappropriate Intimacy can cause issues when refactoring large codebases.,,,,,,,,,,,,,,,,,,,,,,,,,,,,,,,,,
v0.3.2,v0.3.2,Regras obrigatórias,Identifying these smells helps ensure that changes are made in a controlled manner and that the codebase remains maintainable over time.,,,,,,,,,,,,,,,,,,,,,,,,,,,,,,,,,
v0.2.9,v0.2.9,Bloaters,Long Method,"Opcionalmente, pode haver long method que não é necessário para o propósito principal do código",,,,,,,,,,,,,,,,,,,,,,,,,,,,,,,,
v0.2.9,v0.2.9,Object Orientation Abusers,Alternative Classes with Different Interfaces,Refusal of bequest,,,,,,,,,,,,,,,,,,,,,,,,,,,,,,,,
v0.2.9,v0.2.9,Change Preventers,Divergent Change,Parallel inheritance hierarchies,,,,,,,,,,,,,,,,,,,,,,,,,,,,,,,,
v0.2.9,v0.2.9,Dispensables,Comments,Data class,,,,,,,,,,,,,,,,,,,,,,,,,,,,,,,,
v0.2.9,v0.2.9,Couplers,Feature Envy,Inappropriate intimacy,,,,,,,,,,,,,,,,,,,,,,,,,,,,,,,,
v0.2.9,v0.2.9,Regras Obrigatórias,Identificação de bloaters e object orientation abusers,,,,,,,,,,,,,,,,,,,,,,,,,,,,,,,,,
v0.2.9,v0.2.9,Nenhum code smell identificado,,,,,,,,,,,,,,,,,,,,,,,,,,,,,,,,,,
v0.2.6,Long Method,Bloaters,Long Method,"Opcionalmente, há longas linhas de código que podem ser reduzidas ou refactorizadas para melhorar a legibilidade e a eficiência do código.",,,,,,,,,,,,,,,,,,,,,,,,,,,,,,,,
v0.2.6,Large Class,Bloaters,Large Class,"Aqui está uma descrição mais detalhada do problema: A classe ""LargeClass"" contém muitos métodos longos e não é recomendável refatorar diretamente para evitar problemas de performance e escalabilidade.",,,,,,,,,,,,,,,,,,,,,,,,,,,,,,,,
v0.2.6,Primitive Obsession,Bloaters,Primitive Obsession,"Essencialmente, há uma falta de organização e complexidade na estrutura dos métodos, tornando-os desnecessários.",,,,,,,,,,,,,,,,,,,,,,,,,,,,,,,,
v0.2.6,Data Clumps,Bloaters,Data Clumps,Um exemplo de código que pode ser reduzido seria algo assim: `public void ProcessData(List<int> data)`.,,,,,,,,,,,,,,,,,,,,,,,,,,,,,,,,
v0.2.6,Data Clumps,Bloaters,Data Clumps,"Isso é uma forma de garantir que todos os dados sejam processados em um único passo, evitando a necessidade de manipular vários arquivos ao mesmo tempo.",,,,,,,,,,,,,,,,,,,,,,,,,,,,,,,,
v0.2.6,Primitive Obsession,Bloaters,Primitive Obsession,"É importante manter a lógica dentro das classes, pois isso ajuda a manter a consistência e a legibilidade do código.",,,,,,,,,,,,,,,,,,,,,,,,,,,,,,,,
v0.2.6,Primitive Obsession,Bloaters,Primitive Obsession,"Essencialmente, há uma falta de organização e complexidade na estrutura dos métodos, tornando-os desnecessários.",,,,,,,,,,,,,,,,,,,,,,,,,,,,,,,,
v0.2.6,Switch Statements,Bloaters,Switch Statements,"Essencialmente, há uma maneira de simplificar o código através da utilização de switch-case, mas não é recomendável usar essa prática quando possível.",,,,,,,,,,,,,,,,,,,,,,,,,,,,,,,,
v0.2.6,Temporary Field,Bloaters,Temporary Field,"Essencialmente, há uma falta de organização e complexidade na estrutura dos métodos, tornando-os desnecessários.",,,,,,,,,,,,,,,,,,,,,,,,,,,,,,,,
v0.2.2,v0.2.2,Bloaters,Long Method,Opcionalmente long method que não é necessário para o propósito principal,,,,,,,,,,,,,,,,,,,,,,,,,,,,,,,,
v0.2.2,v0.2.2,Object Orientation Abusers,Alternative Classes with Different Interfaces,Algoritmos alternativos com interfaces diferentes,,,,,,,,,,,,,,,,,,,,,,,,,,,,,,,,
v0.2.2,v0.2.2,Change Preventers,Divergent Change,Desconhecida mudança,,,,,,,,,,,,,,,,,,,,,,,,,,,,,,,,
v0.2.2,v0.2.2,Dispensables,Comments,Desconhecidas mensagens de comentário,,,,,,,,,,,,,,,,,,,,,,,,,,,,,,,,
v0.2.2,v0.2.2,Couplers,Feature Envy,Desconhecida combinação entre características e enfoques,,,,,,,,,,,,,,,,,,,,,,,,,,,,,,,,
v0.2.2,v0.2.2,Regras obrigatórias,Identificação de bloaters e object orientation abusers,Identificação de bloaters e object orientation abusers,,,,,,,,,,,,,,,,,,,,,,,,,,,,,,,,
v0.2.2,v0.2.2,Nenhum,Nenhum,Nenhum code smell identificado,,,,,,,,,,,,,,,,,,,,,,,,,,,,,,,,